constant,0:00-5:59,6:00-11:59,12:00-17:59,TempF,Humidity,WindSpd,IsWeekend
0.93336196913,-1.27930525547,-1.39166858627,-0.673770725065,-0.0845697557645,0.0803963726156,0.150760447413,-0.238623865857
0.0377714556226,-0.480532432969,0.675932919802,0.885466736973,0.264142302169,0.0201617506876,0.130150049414,-0.993363843708
0.388685138669,-0.495669779274,-0.0732373630735,-0.0334142239949,1.35722548411,0.0105683597407,-0.00184475067457,-0.682312823813
0.0949326672291,-0.865632883142,0.341270544655,0.99825248565,0.0324075989902,-0.0224603603596,0.0449490906522,-0.758306435119
-0.051485720108,-0.802882722127,0.732518505233,0.926420012921,0.260904077237,-0.0500475006178,0.0822093431513,-0.626548413793
0.0510182203806,-0.397350721192,0.656492367057,0.869218864835,0.166732464274,0.0282924064855,0.129933900025,-1.0693343278
-0.102611029183,-0.189582242452,0.717986876714,1.16796489267,0.135460424314,0.00967947053838,-1.43695530302e-05,-1.03634668277
-0.462438485626,-0.338800892464,0.987603248927,0.913645673901,-0.797633560219,-0.0324478716128,0.105021794261,0.112703062942
0.0980817234351,-0.380430947762,0.217780862566,0.100572101461,0.751692310814,0.0290175093824,-0.036303908278,-0.161749765304
