Building,Mean,Stdev
COUZENS HALL,178490.2468,19072.78286
EDUCATION SCHOOL OF,511062.6527,52860.03526
UM HOSPITAL,9792366.854,1237829.854
LORCH HALL,86511.68503,14570.23186
MICHIGAN UNION,376037.5608,62391.39523
HATCHER H NORTH GRADUATE LIBRARY,169885.4901,23041.55914
ENGINEERING RESEARCH BLDG,159806.5025,13221.38364
FOOTBALL STADIUM COMPLEX,1043989.366,240133.4962
HILL AUDITORIUM,100474.2577,34500.48741
